,title,num_reviews,rating
0,100 Days of Code: The Complete Python Pro Bootcamp for 2023,247572,4.69094
1,The Complete Python Bootcamp From Zero to Hero in Python,484828,4.5720286
2,Complete Python Developer in 2023: Zero to Mastery,52371,4.597326
3,Learn Python Programming - Beginner to Master,1698,4.6105423
4,"Python Mega Course: Learn Python in 60 Days, Build 20 Apps",64254,4.662889
5,Python for Absolute Beginners,32112,4.48289
6,Python 3: Fundamentals,1127,4.7738543
7,Learn Python Programming Masterclass,100513,4.5550604
8,The Complete Python Course | Learn Python by Doing in 2023,20656,4.565987
9,Complete Python Bootcamp For Everyone From Zero to Hero 2023,812,4.508644
10,The Modern Python 3 Bootcamp,28971,4.722669
11,Python for Data Science and Machine Learning Bootcamp,136853,4.585906
12,Python for beginners,23930,4.4093533
13,Learn to Code with Python,5195,4.7551656
14,Python PCEP: Become Certified Entry-Level Python Programmer,4007,4.6289277
15,Python Complete Masterclass for Beginners,4971,4.6137347
16,Automate Everything with Python,1588,4.5133677
17,Automate the Boring Stuff with Python Programming,110174,4.618034
18,Total Python: You Can Master Python Programming in 16 Days,2689,4.596372
19,Learn Complete Python In Simple Way,5736,4.723472
20,Python 3: Deep Dive (Part 1 - Functional),10485,4.8533425
21,Advanced Python Programming: Build 10 OOP Applications,2951,4.519228
22,Python PCAP: Pass Certified Associate in Python Programming,891,4.7000604
23,"Machine Learning A-Z™: AI, Python & R + ChatGPT Bonus [2023]",177072,4.507662
24,Python for Machine Learning & Data Science Masterclass,13556,4.640603
25,Learn Python by creating 10 apps with tkinter,343,4.6768384
26,One Week Python,2737,4.6970816
27,Python Masterclass 2023: Build 19 Real World Python Projects,7247,4.6463685
28,The Python Bible™ | Everything You Need to Program in Python,49027,4.610487
29,The Complete Guide To Mastering Python In 2023,277,4.657892
30,Data Analysis with Pandas and Python,20780,4.626644
31,Learn Python & Ethical Hacking From Scratch,18393,4.7214885
32,The Data Science Course: Complete Data Science Bootcamp 2023,131658,4.5908346
33,"Python 3: Deep Dive (Part 3 - Dictionaries, Sets, JSON)",1509,4.9677234
34,Python 3: Deep Dive (Part 4 - OOP),2775,4.8395753
35,Master Python programming by solving scientific projects,1129,4.6299877
36,Python Programming For Beginners: Learn Python In 9 Days,223,4.745618
37,Complete Machine Learning & Data Science Bootcamp 2023,18944,4.6266456
38,Python for Absolute Beginners | Python Beginner to Pro,5198,4.720783
39,A deep understanding of deep learning (with Python intro),2891,4.77034
40,"Python 3: Deep Dive (Part 2 - Iteration, Generators)",2424,4.8649373
41,Python : Master Programming and Development with 15 Projects,13551,4.124264
42,Python for Finance and Algorithmic Trading with QuantConnect,1477,4.752496
43,Python OOP - Object Oriented Programming for Beginners,3121,4.5469675
44,Python for Beginners with Examples,9627,4.5444365
45,Learn Pro Advanced Python Programming,711,4.1153016
46,2023 Python Data Analysis & Visualization Masterclass,1991,4.6558695
47,Practice Python with 100 Python Exercises,3300,4.537741
48,Python A-Z™: Python For Data Science With Real Exercises!,27146,4.6038666
49,Python Data Structures & Algorithms + LEETCODE Exercises,6452,4.6697865
50,The Essential Guide To Type Annotations In Python,231,4.7681923
51,Python for Finance: Investment Fundamentals & Data Analytics,26591,4.590386
52,Learn Advanced Level Programming in Python,113,4.7659187
53,Python Programming: The Complete Python Bootcamp 2023,1887,4.7053022
54,Python for Data Analysis & Visualization 2023,955,4.701763
55,Python For Everybody : Python Programming MADE EASY,6997,4.8481936
56,The Complete Pandas Bootcamp 2023: Data Science with Python,3343,4.6292562
57,Build a Backend REST API with Python & Django - Advanced,7714,4.624418
58,Python for Beginners: Learn Python Programming (Python 3),40235,4.4879494
59,"Data Analyst Skillpath: Zero to Hero in Excel, SQL & Python",2891,4.4897532
